valid_time,precip_mm,precip_mm_scaled,tmean_c,tmax_mean_c,tmin_mean_c,rh_mean_percent,wind_avg,wet_days,year,month
1990-01-01,7.8073732499999995,46.8442395,10.322946673387118,13.563581532258086,6.819363790322603,79.7636537324509,2.380551416778609,6,1990,1
1990-02-01,0.03385975,0.2031585,13.400780290178593,17.359296875000023,8.853969375000021,77.95597922866723,1.9162816105985883,0,1990,2
1990-03-01,5.3184635,31.910780999999997,16.237806572580666,20.328893951612926,11.670905806451632,60.45590532259729,2.951811622906798,6,1990,3
1990-04-01,16.072411250000002,96.4344675,15.52307447916669,19.667244416666687,11.056051500000024,66.07783389628459,2.5772548023674604,10,1990,4
1990-05-01,1.25434425,7.5260655,20.85308245967744,25.630997258064543,15.42206798387099,58.706228927526084,2.1791932353294308,2,1990,5
1990-06-01,0.40733725,2.4440235,23.351496854166687,28.00678700000002,18.551289333333354,59.19918810068539,2.557939894445325,1,1990,6
1990-07-01,0.14828325,0.8896995,28.11920965725809,33.48946580645163,22.023771451612923,49.95060849315525,2.132929793177772,0,1990,7
1990-08-01,0.208695,1.25217,27.712106310483897,32.644616532258084,22.213777338709704,52.99417689230836,2.066538458422319,1,1990,8
1990-09-01,0.49000875,2.9400524999999997,24.995437333333356,28.882785666666685,20.88081975000002,60.946150426774345,1.8867104564553663,0,1990,9
1990-10-01,10.14390575,60.863434500000004,19.03142165322583,22.357893306451636,15.644800080645187,70.74547699413539,2.692021846986664,9,1990,10
1990-11-01,8.176572,49.059432,13.539201041666692,16.993251500000024,10.064850333333359,74.53877116598814,2.4842216713384384,7,1990,11
1990-12-01,6.46759075,38.8055445,10.375182116935505,13.139107500000021,7.444585806451634,77.71357229151566,2.6131023060187983,8,1990,12
1991-01-01,2.07467325,12.4480395,9.804461955645184,12.945261451612927,6.340640725806474,75.70173965525538,2.4619249408703747,3,1991,1
1991-02-01,16.49037625,98.9422575,9.921903013392878,12.950387321428593,6.491977500000024,78.25385830064651,2.5227452620428408,11,1991,2
1991-03-01,17.79964425,106.7978655,13.887581572580666,17.060649677419377,10.501117580645182,75.52149733309072,2.883209289945369,10,1991,3
1991-04-01,5.499975,32.99985,15.066417250000024,19.36529891666669,10.208104000000025,67.95938843519062,2.2495983080911874,7,1991,4
1991-05-01,0.085023,0.510138,19.52548933467744,24.687678467741957,13.923483870967765,51.85887618483336,2.545396884879255,0,1991,5
1991-06-01,1.028588,6.171528,24.688218312500023,29.90379300000002,19.174004500000027,57.88744992057711,2.214903486110597,3,1991,6
1991-07-01,0.018821,0.112926,27.07169193548389,32.587068790322604,21.13842975806454,51.03468705127624,2.261624502634881,0,1991,7
1991-08-01,0.0,0.0,27.417922762096797,32.72571701612905,21.44161798387099,54.19444708288593,2.0877215596961363,0,1991,8
1991-09-01,7.2692415,43.615449,24.844957333333355,29.09979666666669,19.858738750000025,59.06351110172495,2.041160810026953,4,1991,9
1991-10-01,16.85686725,101.1412035,16.94800933467744,20.472921612903246,13.194091370967765,72.25430579846983,2.3705990921470885,7,1991,10
1991-11-01,3.26359675,19.5815805,13.353314666666689,17.292290500000025,9.159548750000022,70.56508826230639,2.391331257218808,3,1991,11
1991-12-01,3.7724262499999996,22.6345575,11.721394254032283,14.579796693548412,8.901172661290344,75.65682611641229,2.7049329547589744,6,1991,12
1992-01-01,0.50425375,3.0255224999999997,8.821020322580669,12.330462903225827,5.017108709677443,71.85737765312541,2.674655546974173,1,1992,1
1992-02-01,6.45923425,38.7554055,11.444449633620712,15.388881120689675,6.833307586206921,68.52715916137173,2.4116250398849197,4,1992,2
1992-03-01,3.5991482500000003,21.5948895,14.66332405241938,19.015148387096797,9.316842096774218,63.46507751547339,2.584715633216177,3,1992,3
1992-04-01,5.408549,32.451294,17.38451035416669,22.13925733333336,11.933168250000021,58.21451410984427,2.881148931804804,4,1992,4
1992-05-01,2.7740402499999997,16.6442415,21.171673004032282,25.829031854838732,16.002866451612928,54.17785983910583,2.798122304171569,3,1992,5
1992-06-01,8.93678875,53.6207325,20.442748187500023,24.288825500000023,16.39255316666669,64.35064218520026,2.57708329263709,6,1992,6
1992-07-01,0.10659325,0.6395595000000001,27.609859435483894,33.29297774193551,21.188769596774215,48.16473400832054,1.9671923787006123,0,1992,7
1992-08-01,0.138992,0.833952,27.1032450403226,32.55936935483873,20.94530870967744,49.23579172938623,2.242437193090454,0,1992,8
1992-09-01,5.564439999999999,33.38664,23.742025375000022,28.542095833333356,17.803043000000024,54.70222539403828,1.949412790472294,2,1992,9
1992-10-01,12.08460075,72.5076045,16.721023991935503,20.048430241935506,13.075952741935508,71.19823150461744,2.497281092321682,10,1992,10
1992-11-01,0.8981175,5.388705000000001,13.95617916666669,18.029027500000026,9.669367333333359,75.46422644059089,1.8045205774532311,1,1992,11
1992-12-01,5.15818825,30.9491295,11.674475826612927,14.499061612903247,8.793864758064538,77.05214786361816,2.6850791749280827,7,1992,12
1993-01-01,5.5821065,33.492639,9.023706491935508,13.000004596774216,4.484082016129057,75.56849370398484,2.023053469161774,4,1993,1
1993-02-01,3.6897735,22.138641,11.836134508928593,15.463058214285736,7.809408750000023,66.06035617891047,2.9179813934184486,6,1993,2
1993-03-01,8.15509425,48.9305655,14.30452169354841,18.458893225806477,9.566193145161314,65.18764854224519,2.1901141074284265,6,1993,3
1993-04-01,9.85328625,59.1197175,15.150276145833354,19.304620083333354,10.230627166666688,60.85107222168613,2.7885389142336328,10,1993,4
1993-05-01,9.5649265,57.389559000000006,17.598361814516153,21.410258790322604,13.604051774193573,70.23450379874423,2.4053590932961733,9,1993,5
1993-06-01,1.731372,10.388232,23.207090270833355,27.765845333333356,18.226469000000023,57.23585252030169,2.5043768404046896,6,1993,6
1993-07-01,0.0065667500000000005,0.0394005,27.8942054637097,33.68352612903228,21.644459112903252,46.14738492316923,2.1508972718568287,0,1993,7
1993-08-01,0.069617,0.41770199999999996,26.33692937500002,31.222405967741956,20.92032887096776,55.25638952764034,2.4099633360448593,0,1993,8
1993-09-01,2.0554354999999997,12.332613,21.722966937500026,25.601301333333357,17.118945333333354,60.171144111346614,2.466233163109009,2,1993,9
1993-10-01,20.95992575,125.7595545,16.361684032258086,19.485542177419376,13.009073709677443,73.75716120502942,3.2019697381670458,13,1993,10
1993-11-01,9.18179325,55.0907595,13.478177791666692,16.544999916666693,10.534532000000024,81.45560044156244,2.33644705368703,8,1993,11
1993-12-01,0.2257905,1.354743,10.368216370967765,13.909327903225828,6.972734032258087,78.94002169182532,2.276113806181163,0,1993,12
1994-01-01,5.055238,30.331428,10.32853231854841,13.717889354838732,6.462292500000026,71.07683493886674,3.0645639403729605,4,1994,1
1994-02-01,10.23760525,61.4256315,11.11167207589288,14.668666696428593,6.983900178571453,76.08062575104834,2.511353365444932,6,1994,2
1994-03-01,0.69904825,4.1942895,15.945589838709699,20.600322741935507,10.709414112903247,68.41307930121636,1.9989767099151738,2,1994,3
1994-04-01,6.534461,39.206766,15.930821312500022,20.798083333333356,10.334862333333353,56.5176994887486,2.6992774419614265,4,1994,4
1994-05-01,9.13470425,54.8082255,19.075523750000023,23.42033322580647,14.39604032258067,65.5703615811646,2.767338133968152,7,1994,5
1994-06-01,0.13065274999999998,0.7839164999999999,24.901232312500024,30.363842916666687,18.97979350000002,49.28999708275913,2.4156388822628387,0,1994,6
1994-07-01,0.14020749999999998,0.841245,28.102110866935508,33.83956298387099,21.468445887096795,46.18412761382714,2.176926476681746,0,1994,7
1994-08-01,0.01598,0.09587999999999999,27.11974231854841,32.24070088709679,21.354930322580667,51.874889239460444,2.16361277637368,0,1994,8
1994-09-01,0.2183745,1.310247,23.028029562500024,27.383873583333354,17.76153350000002,51.37709755327683,2.1412994400063634,0,1994,9
1994-10-01,3.4190595,20.514357,19.950141532258087,23.554711854838732,16.254551129032283,69.92793397418244,2.006106915791585,6,1994,10
1994-11-01,6.74407825,40.4644695,15.431580875000021,18.971696666666688,11.942813083333355,79.45099808336559,2.301416515549702,5,1994,11
1994-12-01,2.38639725,14.3183835,11.301756512096796,14.78349298387099,7.666620322580667,76.44516174362515,2.148758363422417,4,1994,12
1995-01-01,5.70355775,34.2213465,10.89874090725809,14.292589919354862,6.89350806451615,70.02399866263622,2.617774841065962,6,1995,1
1995-02-01,7.34730025,44.0838015,13.571598102678593,16.904337142857162,9.537160357142879,71.32009194146957,2.5808806051526756,4,1995,2
1995-03-01,7.64753825,45.8852295,15.794326935483893,20.45974362903228,10.306325161290342,58.27997576560652,2.533104285357377,4,1995,3
1995-04-01,2.25192525,13.5115515,18.195482312500022,23.47928266666669,12.068676500000022,49.46424295479728,2.4863529389552386,3,1995,4
1995-05-01,1.63963225,9.837793499999998,23.091938205645185,28.45507411290325,17.105197096774216,46.561328142358484,2.448747057217232,1,1995,5
1995-06-01,1.467107,8.802641999999999,23.747228625000023,28.34702516666669,18.896115083333356,57.86364536399482,2.6420457882375388,2,1995,6
1995-07-01,0.5333235000000001,3.199941,28.06465169354841,33.89062282258066,21.651062016129053,47.236351116356666,2.564922673854765,1,1995,7
1995-08-01,0.0817895,0.49073700000000003,28.032006310483894,33.3600723387097,21.9934548387097,52.195937696345,2.263349031598342,0,1995,8
1995-09-01,0.8303652499999999,4.9821915,22.649832041666688,26.92516333333335,17.40529525000002,54.75635616907566,2.510969122299675,2,1995,9
1995-10-01,0.71456425,4.2873855,21.9575527620968,26.191334919354865,17.05472532258067,59.15021948178183,1.9956479366920648,3,1995,10
1995-11-01,12.91253125,77.4751875,17.033324229166688,19.86793441666669,14.020946750000023,74.34931028660705,2.5799238929285635,9,1995,11
1995-12-01,31.43095825,188.5857495,13.559323366935507,15.667058709677445,11.259085241935507,84.53933768149645,3.113243683897101,19,1995,12
1996-01-01,47.85688975,287.1413385,12.681629052419378,14.596845725806475,10.580945322580668,85.60759293109827,3.4948233432850655,22,1996,1
1996-02-01,9.885183,59.311098,10.599554676724159,13.787385689655194,7.011669827586229,72.91969008285818,2.9643016445576835,6,1996,2
1996-03-01,5.5005092499999995,33.0030555,14.290364072580667,17.987273064516152,10.374254354838733,73.63382554703027,2.4730146284603634,10,1996,3
1996-04-01,5.187919249999999,31.127515499999998,17.44079022916669,21.656309833333353,12.628338333333359,65.27199638457387,2.286377070335425,5,1996,4
1996-05-01,13.9709335,83.825601,19.223373750000025,23.635654516129055,14.818513870967763,67.46190600991751,2.721491971872359,8,1996,5
1996-06-01,0.0,0.0,26.37333387500002,31.870076083333355,20.54362966666669,45.38047356461605,2.4083225536132735,0,1996,6
1996-07-01,0.7616729999999999,4.570038,27.825277782258087,33.33101870967744,22.015822500000024,47.44249121920699,2.3921217035519438,1,1996,7
1996-08-01,0.3606235,2.163741,25.56004618951615,30.549829596774217,19.94860419354841,54.74407656761251,2.411265988863225,1,1996,8
1996-09-01,5.43829975,32.6297985,22.432742145833355,26.531677583333355,17.984075083333355,59.603992044353,2.3827649986219677,6,1996,9
1996-10-01,6.8739592499999995,41.2437555,19.35056875000002,23.548646129032278,14.755114516129057,60.694096834774165,2.2668941003971423,3,1996,10
1996-11-01,12.48013775,74.8808265,14.740347437500022,18.103367750000018,11.280155250000023,72.20990631672564,2.5237088571819597,6,1996,11
1996-12-01,48.1596985,288.958191,12.5629815120968,14.704927016129057,10.439485161290346,83.22826137994471,3.735499058204068,20,1996,12
1997-01-01,19.6075715,117.64542900000001,11.574922076612927,14.181680564516155,8.75526104838712,81.5600751569953,2.7544508324364934,11,1997,1
1997-02-01,0.0847515,0.508509,13.847014308035737,18.083107053571453,9.101812767857167,72.93926529465158,2.0241901743833837,0,1997,2
1997-03-01,0.23078875,1.3847325,17.682488931451637,23.251255806451635,11.480917500000022,52.83104201378083,2.328526964606836,1,1997,3
1997-04-01,9.8555245,59.133147,19.454555875000025,24.161661000000024,14.20004166666669,60.74492726027906,2.3392129313330634,9,1997,4
1997-05-01,4.88946675,29.3368005,20.50546284274196,24.753662741935507,15.863385645161312,57.10977206137164,2.7416195763887408,5,1997,5
1997-06-01,1.6815645,10.089386999999999,23.49125481250002,27.868053000000025,18.75701658333336,53.90200487645951,2.9945568521894477,3,1997,6
1997-07-01,4.5067455,27.040473000000002,25.952788770161312,31.260967177419378,20.378801854838734,53.000378687969175,2.4535624126881204,2,1997,7
1997-08-01,0.4986825,2.992095,26.591954717741956,31.59249362903228,21.148557580645182,54.10217052670719,2.3588549900528717,1,1997,8
1997-09-01,12.8269935,76.961961,25.493718770833357,29.82131666666669,20.488898333333353,56.37998503094611,1.9024796913154538,5,1997,9
1997-10-01,6.47521175,38.8512705,20.856082701612923,24.499804596774215,17.075116935483894,70.28269762663832,2.3770835195273823,7,1997,10
1997-11-01,33.35578925,200.1347355,15.210175625000023,17.862885833333358,12.598142166666685,82.56243804168601,3.138585712907883,13,1997,11
1997-12-01,30.622636500000002,183.73581900000002,12.052529576612924,14.375862096774213,9.55356419354841,85.17546142885361,2.67117047531081,12,1997,12
1998-01-01,13.023845,78.14307,11.19423538306454,13.928864596774215,8.126787419354862,82.09893967621021,2.3516520103216587,7,1998,1
1998-02-01,12.18214275,73.0928565,13.98263816964288,17.13055241071431,10.797569285714307,75.40982534337986,2.937767471467084,7,1998,2
1998-03-01,3.791657,22.749942,16.253133225806472,21.549925887096798,10.389974112903246,59.251619570453975,2.2291565504923456,3,1998,3
1998-04-01,3.44678625,20.6807175,15.802061833333356,19.81968375000002,11.094199500000018,63.112691290555595,3.1616802361714775,5,1998,4
1998-05-01,10.914968,65.489808,18.872696330645187,23.042081854838735,14.590322419354864,69.51691990324585,2.3838671864565444,11,1998,5
1998-06-01,3.57473625,21.448417499999998,25.141283937500024,30.34698591666669,19.637750416666687,51.703392433936756,2.5989849941453333,3,1998,6
1998-07-01,0.0147765,0.088659,27.95630911290325,33.737491129032286,21.685466532258086,49.57460100925441,2.341535779281807,0,1998,7
1998-08-01,0.0081115,0.048669,27.92603050403228,33.68818266129034,21.607587258064537,51.520021440388305,2.3636429989844636,0,1998,8
1998-09-01,4.99244075,29.9546445,24.19798900000002,28.115455666666687,19.74337366666669,62.2309861035327,2.5565778231112644,7,1998,9
1998-10-01,0.8330035,4.9980210000000005,19.316285141129054,23.836513548387117,13.964056854838732,53.81632092744813,2.241315829175407,1,1998,10
1998-11-01,1.95547675,11.732860500000001,15.517383145833355,19.186190250000028,11.470637916666687,62.727222666919346,2.286012186239433,3,1998,11
1998-12-01,3.2971955,19.783172999999998,10.796004879032282,14.856970000000025,5.777109596774215,61.564209616216075,2.418342491339108,4,1998,12
1999-01-01,7.44403525,44.6642115,9.92028975806454,13.521630080645183,5.75829475806454,70.86590937623804,2.4639313992204346,5,1999,1
1999-02-01,1.7010005,10.206002999999999,11.71141174107145,16.28467919642859,6.194415714285737,55.441519111770596,2.2852359496753696,1,1999,2
1999-03-01,9.97872975,59.8723785,15.184015866935507,19.478148790322603,10.317352016129053,64.64654947255275,2.6013737351997817,6,1999,3
1999-04-01,5.0184895,30.110937,18.785786583333355,23.766018333333356,13.248432333333357,50.36419778904097,2.809028140793581,5,1999,4
1999-05-01,2.11288775,12.677326500000001,21.594180947580668,26.680057580645187,16.426381370967764,54.64032924041437,2.693166031047869,3,1999,5
1999-06-01,0.23318875,1.3991325000000001,25.82862516666669,31.496343750000026,19.899773083333358,47.42966470732329,2.3747893351114735,1,1999,6
1999-07-01,0.22532325000000003,1.3519395,27.378136975806473,32.48548290322583,21.90089491935486,52.90834066142784,2.656777833966086,0,1999,7
1999-08-01,0.21851199999999998,1.3110719999999998,26.684118084677444,31.624411451612925,21.25520209677422,55.6144373389599,2.5068645234810285,0,1999,8
1999-09-01,13.66960975,82.0176585,22.86564516666669,26.76640425000002,18.49073575000002,65.1049773338958,2.362697747653923,3,1999,9
1999-10-01,23.89613125,143.3767875,19.831160907258088,22.81231669354841,16.880329354838736,74.6497400338308,2.744575816911358,12,1999,10
1999-11-01,1.8598465,11.159079,12.882427437500022,16.816372000000023,9.071575333333355,70.2923468420474,2.5347719169438596,4,1999,11
1999-12-01,4.94362975,29.6617785,11.81013104838712,14.712540161290345,8.834767661290346,78.27169844171053,2.7172824507251763,4,1999,12
2000-01-01,2.2608622499999997,13.5651735,9.204236209677441,13.011461854838734,4.863818951612923,76.2090288395476,2.26497136205718,4,2000,1
2000-02-01,0.08774300000000002,0.526458,14.353083922413816,19.050902413793125,9.093398879310369,65.03228465727251,2.134199174298295,0,2000,2
2000-03-01,2.77408775,16.644526499999998,16.245613971774215,21.144886451612926,10.97110298387099,57.11969593095411,2.2041593340856003,2,2000,3
2000-04-01,20.89393475,125.3636085,14.827110791666689,18.143290500000024,11.349005583333359,73.07605982059583,3.393044652356737,12,2000,4
2000-05-01,9.392917,56.357502000000004,20.584554153225827,25.033106209677438,16.3565023387097,70.00784044398624,2.0782107786789394,10,2000,5
2000-06-01,0.14712150000000002,0.882729,26.659909541666693,32.368268166666695,20.95089441666669,44.43194067426979,2.795302521601349,0,2000,6
2000-07-01,0.01430175,0.0858105,27.950867016129056,34.17985967741938,21.67866991935486,44.38398062531161,2.445908537751221,0,2000,7
2000-08-01,0.028720500000000003,0.172323,28.644221108870987,34.48484580645163,22.450285887096797,41.75296376285219,2.4290325182108803,0,2000,8
2000-09-01,1.180613,7.083678,25.38821779166669,30.46268275000002,20.064150750000024,52.0505625006377,2.3543740368121098,2,2000,9
2000-10-01,6.726330750000001,40.3579845,19.420944435483893,23.40823145161292,14.963264112903248,60.96506588240277,2.149264847339776,7,2000,10
2000-11-01,7.328139,43.968834,14.171720166666688,17.320200333333354,11.106729500000023,75.09305658392947,2.8053462498517434,7,2000,11
2000-12-01,24.63722575,147.8233545,12.191706834677442,14.741412096774217,9.501769758064539,83.53853631528006,2.9161308735831093,12,2000,12
2001-01-01,19.68630375,118.1178225,11.877146935483893,14.276518387096797,9.194733225806475,83.36355399817622,3.295396181833983,14,2001,1
2001-02-01,5.381998,32.291987999999996,12.935760669642878,16.13284473214288,9.493728571428592,73.43964639000947,2.878855650810263,5,2001,2
2001-03-01,21.473084,128.838504,15.912993487903249,19.130661209677445,12.640163870967765,77.71501533403033,3.248222865936491,10,2001,3
2001-04-01,0.19110049999999998,1.1466029999999998,18.26565593750002,22.969471500000022,13.16899041666669,55.90556181244412,2.5996776715652112,0,2001,4
2001-05-01,11.453321,68.719926,20.141646854838733,24.89235467741938,15.601604516129056,63.49164492890826,2.3807361586507083,8,2001,5
2001-06-01,0.0586395,0.351837,27.057251562500024,33.065761833333355,21.06918725000002,42.15742362193143,2.3925727535433046,0,2001,6
2001-07-01,0.9391237499999999,5.6347425,26.99957552419357,32.20109975806454,21.671588467741955,46.18320412250384,2.6645939457435177,1,2001,7
2001-08-01,0.031699,0.190194,28.079740201612925,33.19835750000002,22.745638951612925,49.71666510159164,2.2632627818019753,0,2001,8
2001-09-01,11.84232375,71.0539425,24.205778437500026,28.313142416666697,20.040410500000025,64.2903964611591,2.343627976350191,6,2001,9
2001-10-01,22.852199249999998,137.11319550000002,20.306388004032282,23.988486935483895,16.96805798387099,72.84000688455633,2.485849326802806,7,2001,10
2001-11-01,10.2315585,61.389351,13.217964687500023,16.51160883333336,10.029028250000021,68.47021517266802,2.6589986117796633,5,2001,11
2001-12-01,11.63552675,69.8131605,10.900455947580669,13.871566451612926,7.868278064516153,75.64597966695031,2.8394524130563674,7,2001,12
2002-01-01,4.61622875,27.6973725,11.864746935483893,15.095310483870989,8.168982500000023,77.32986974742613,2.688753764904933,3,2002,1
2002-02-01,3.03471175,18.2082705,12.63172332589288,17.018890892857165,7.464964017857166,71.35444364009736,2.148319606017291,3,2002,2
2002-03-01,16.6169185,99.701511,15.175961491935507,19.01015645161293,10.84728290322583,71.77343303052297,2.569485041006544,9,2002,3
2002-04-01,9.72643275,58.358596500000004,16.771912416666687,21.21480641666669,11.618698750000021,66.47434061451438,2.41529232016477,11,2002,4
2002-05-01,5.02445425,30.1467255,19.9743346370968,25.52252572580647,14.056909838709698,53.638494529000084,2.612467248231738,4,2002,5
2002-06-01,0.11471375,0.6882824999999999,24.47906197916669,29.882698750000024,18.53196966666669,53.11943391896755,2.8120112076018184,0,2002,6
2002-07-01,0.027766750000000003,0.1666005,27.377499173387122,33.54189750000002,20.40529395161293,48.22909068745157,2.42638437579832,0,2002,7
2002-08-01,0.00940675,0.0564405,25.588346995967765,31.115338790322607,19.426284596774213,57.29601356182948,2.551561700066004,0,2002,8
2002-09-01,11.442245,68.65347,22.413507812500022,26.45275475000002,18.112116166666688,71.32563235827719,2.395324395240687,7,2002,9
2002-10-01,7.89944725,47.3966835,19.116355342741958,22.93061612903228,15.220212177419377,74.87145835539732,2.394070507355976,5,2002,10
2002-11-01,19.5150845,117.090507,14.948505625000022,18.266187333333356,11.418233083333355,76.23491979738735,2.692155116660602,11,2002,11
2002-12-01,15.731849500000001,94.391097,13.03827425403228,15.606317177419376,10.406925161290344,83.43109501718094,2.6138528962115943,13,2002,12
2003-01-01,7.8962455,47.377473,10.445947439516152,13.556466451612927,7.111488951612924,73.61052236702987,3.056007624127378,6,2003,1
2003-02-01,14.86743425,89.2046055,11.195562276785738,14.901377410714312,6.86340705357145,75.27962163651934,2.5820336156220867,8,2003,2
2003-03-01,10.818579249999999,64.9114755,15.279807782258088,19.32500000000002,10.826530403225831,72.78781626357875,2.3585445005801198,8,2003,3
2003-04-01,8.864970750000001,53.1898245,16.077752270833358,20.113909916666685,11.648127000000022,72.84813193983473,2.6303876991595123,8,2003,4
2003-05-01,0.5227335,3.1364009999999998,22.377263568548408,28.098140483870992,16.147812580645184,52.64176887292155,2.2676143772163764,1,2003,5
2003-06-01,0.20393775000000003,1.2236265,26.227808187500024,31.836165000000026,20.447804833333358,54.72972491034967,2.5498068148000423,1,2003,6
2003-07-01,0.005363250000000001,0.0321795,27.640402782258086,33.9403219354839,20.875415161290345,46.46532276436958,2.217738322930003,0,2003,7
2003-08-01,1.0798255,6.478953,29.062032157258088,34.82979975806454,22.499161370967766,48.07931854346937,2.2590622311384143,1,2003,8
2003-09-01,5.84151425,35.049085500000004,25.191644020833355,30.396754750000024,19.09492441666669,51.67318534766581,2.400843694851699,1,2003,9
2003-10-01,23.4681375,140.808825,18.7033348387097,21.763899193548408,15.784301290322604,77.37906133968052,2.8326318809769444,18,2003,10
2003-11-01,13.448933,80.69359800000001,14.75260216666669,17.705233916666693,11.67729291666669,79.60943528004262,2.5036546357545744,7,2003,11
2003-12-01,14.9363255,89.617953,11.196467620967766,13.936177177419378,8.183772580645186,81.24922782696957,2.624247446491209,9,2003,12
2004-01-01,3.268543,19.611258,11.630432842741959,14.536077338709696,8.23908048387099,81.26904132474648,2.041043826622143,5,2004,1
2004-02-01,23.38810575,140.3286345,12.340353383620712,15.412949913793128,8.680763362068987,80.62548398215966,2.473537981812707,7,2004,2
2004-03-01,10.17484125,61.0490475,13.653713064516152,17.686783225806476,8.918982177419378,73.67528339593407,2.293369365958562,7,2004,3
2004-04-01,6.340192,38.041152000000004,15.674735458333355,20.371257250000024,10.302202916666689,65.97214655563917,2.7372573281306662,6,2004,4
2004-05-01,12.62190975,75.7314585,18.384987762096795,22.833267177419376,13.802324596774216,68.99528445391175,2.4134169608643137,10,2004,5
2004-06-01,0.12231700000000001,0.7339019999999999,27.336873479166687,33.47192250000002,20.820991250000024,50.6227145105739,2.131414876157384,0,2004,6
2004-07-01,0.08318375,0.49910249999999995,28.772412560483893,34.94475000000003,21.84991104838712,43.605573392635264,2.2206763974663772,0,2004,7
2004-08-01,1.51763,9.10578,27.721540282258086,33.05642016129035,21.49231048387099,51.540450875328276,2.43286815345308,2,2004,8
2004-09-01,0.11121875,0.6673125,24.80865318750002,29.984510833333353,18.737101083333357,57.56580427467112,1.7774894635167018,0,2004,9
2004-10-01,14.792702499999999,88.756215,19.638148447580665,23.802772903225826,15.174909596774215,69.14337763903613,2.405694322478989,10,2004,10
2004-11-01,0.8867975,5.320784999999999,13.513969708333356,17.622069250000028,9.313891166666687,69.99194834195352,2.1724781796751276,1,2004,11
2004-12-01,4.5791995,27.475196999999998,10.87551439516131,14.243637338709698,7.2514296774193765,73.86385736302734,2.6810400321511043,3,2004,12
2005-01-01,0.007858500000000001,0.047151,9.187306209677443,13.711806612903251,3.7850663709677654,63.463768294929714,2.337465812743998,0,2005,1
2005-02-01,7.0768405,42.461043000000004,10.200549017857165,14.86123678571431,4.529745714285736,54.038450848826805,2.6528818857964382,3,2005,2
2005-03-01,5.2224265,31.334559,14.874030060483893,18.885535403225827,10.510574758064536,67.01157731473407,2.739282374767807,7,2005,3
2005-04-01,2.1456645,12.873987,18.390271437500022,23.696486000000025,12.126688500000023,52.1641413754803,2.8603866256247352,2,2005,4
2005-05-01,5.5938035,33.562821,22.597486149193568,28.173254596774218,16.627110403225828,50.053745890574476,2.8745754153494976,5,2005,5
2005-06-01,0.14365350000000002,0.861921,27.39894818750002,33.42111608333336,20.976064250000025,45.825333116608796,2.6689529087441173,0,2005,6
2005-07-01,0.013840000000000002,0.08304,28.260045887096798,34.42385758064519,21.646623709677442,49.17940545470081,2.773165884513128,0,2005,7
2005-08-01,0.0327805,0.196683,28.173787459677442,34.7296562903226,20.971834193548407,48.946784258832004,2.4734319085440526,0,2005,8
2005-09-01,0.24462350000000002,1.467741,24.823391395833358,30.170159000000023,18.565120500000024,48.27130032647263,2.4289490527849416,1,2005,9
2005-10-01,9.8355845,59.013507000000004,19.81281991935486,23.753698629032282,15.441275564516152,69.2653804262756,2.1268871261326776,9,2005,10
2005-11-01,3.477096,20.862576,13.338511125000023,16.888295833333355,9.571019083333356,71.34014816438102,2.5374114138480284,4,2005,11
2005-12-01,3.6369785,21.821870999999998,11.41803356854841,14.683077338709701,7.949810564516149,71.50792949345032,2.769756586898203,4,2005,12
2006-01-01,16.075971,96.455826,9.31637227822583,12.563808548387119,5.718943145161311,77.7250481725362,2.36090828498022,10,2006,1
2006-02-01,6.1294915,36.776949,10.728451674107166,14.25420142857145,6.478748303571452,76.72363605858841,2.454375514046442,6,2006,2
2006-03-01,12.97375075,77.8425045,14.09439602822583,17.995461370967764,9.591258790322607,76.21689286594467,2.611132052838638,9,2006,3
2006-04-01,4.4110235,26.466141,17.735234791666688,22.221530500000025,12.827359416666688,72.39002684299973,2.437349601914377,8,2006,4
2006-05-01,3.3631545000000003,20.178927,22.477173729838732,27.85140854838712,16.523857500000023,56.95534277527874,2.4111583851070075,2,2006,5
2006-06-01,6.73357675,40.4014605,25.034359875000025,30.383414500000022,19.27484433333336,55.32751242989521,2.632410170241536,4,2006,6
2006-07-01,0.0338655,0.20319299999999998,29.016414677419377,35.434700645161314,21.860787661290345,45.25669609033753,2.3743508771443036,0,2006,7
2006-08-01,0.56898375,3.4139025000000003,27.835805786290347,33.75342500000003,21.371656854838733,53.891697921522,2.5984874936233755,1,2006,8
2006-09-01,4.95298875,29.7179325,25.395604520833352,30.447970583333355,19.589775166666687,56.96576869442388,2.219600099429629,5,2006,9
2006-10-01,25.58713375,153.52280249999998,20.989750826612926,24.69066048387099,16.89799814516131,68.80816908795018,2.984716939716122,12,2006,10
2006-11-01,18.339092,110.03455199999999,15.80850085416669,19.03995358333336,12.48532600000002,81.85722247197329,2.3322650880952027,9,2006,11
2006-12-01,3.6660135,21.996081,10.138360181451635,13.752316532258085,6.3358917741935725,77.91975136516673,2.520325094924016,3,2006,12
2007-01-01,3.6890595,22.134357,9.391397620967766,12.992810967741958,5.531370806451634,80.5339297545843,2.2462100113925643,6,2007,1
2007-02-01,7.99902975,47.9941785,13.191062968750023,16.195291071428592,9.695704196428595,81.91395056416972,2.5526693322367895,8,2007,2
2007-03-01,5.8639097499999995,35.1834585,14.129965040322602,18.593591290322603,8.677339919354859,61.581670439211486,2.636972420639841,3,2007,3
2007-04-01,9.730074,58.380444000000004,16.067576020833357,20.22627916666669,11.482474333333355,71.41881033334072,2.0716885045753908,12,2007,4
2007-05-01,12.92220425,77.5332255,19.86278106854841,24.961576935483897,14.318752822580668,61.26329128206995,2.6452326562239197,7,2007,5
2007-06-01,0.86762375,5.2057425,23.730690125000024,29.000898750000022,18.038163750000024,56.42347422031056,2.883790448091256,2,2007,6
2007-07-01,0.0,0.0,28.03477856854841,34.61093419354841,20.930161290322605,45.298517370459216,2.4209600800189115,0,2007,7
2007-08-01,2.42171175,14.530270500000002,26.497381552419377,32.30667750000003,19.97142443548389,54.28920691317276,2.383756805839608,2,2007,8
2007-09-01,11.069771000000001,66.418626,24.198909895833356,28.647102333333358,19.17972166666669,65.61318905724217,2.0644696953810753,7,2007,9
2007-10-01,2.2638835,13.583300999999999,19.979292116935508,24.415693145161313,15.058868467741961,62.94276733669194,2.2643376487488043,3,2007,10
2007-11-01,7.8273545,46.964127,14.44629060416669,19.08586508333336,9.599516416666688,62.02221161689127,2.586297072942844,2,2007,11
2007-12-01,6.799335,40.79601,10.829162479838732,14.197586209677443,7.038011612903249,76.66327264489324,2.402083712793647,6,2007,12
2008-01-01,7.05531275,42.3318765,11.75517804435486,15.428741693548407,7.758471935483893,79.28898916030381,2.3311343756114646,5,2008,1
2008-02-01,11.64964675,69.8978805,13.98411280172416,17.536790086206917,10.23293353448278,73.91130324250595,2.5793882609973813,9,2008,2
2008-03-01,3.7611935,22.567161,14.758099072580666,19.415682500000024,9.002606048387118,62.40839595302804,2.751904069521837,2,2008,3
2008-04-01,24.529542250000002,147.1772535,17.398495583333354,22.131638916666688,12.167532166666689,61.67381894432717,3.406638523707427,8,2008,4
2008-05-01,5.8370370000000005,35.022222,18.9405548387097,22.984855564516153,14.419901290322604,66.61098318753913,2.7232265348292266,6,2008,5
2008-06-01,0.3082837500000001,1.8497025000000002,25.622396083333356,31.815316666666686,18.88066908333336,49.25509777268759,2.3188825211254502,1,2008,6
2008-07-01,0.165461,0.992766,27.595012177419378,33.91302161290325,20.740331048387123,44.36100127757329,2.4629357445217863,0,2008,7
2008-08-01,0.033961000000000005,0.20376599999999997,27.588315100806472,33.745497580645186,20.46447475806454,44.563916114574376,2.3706176817720133,0,2008,8
2008-09-01,9.2987685,55.792611,23.092042333333357,27.392527000000022,18.408574000000023,63.35797543746378,2.462214077912991,9,2008,9
2008-10-01,12.806374,76.838244,19.093953407258088,22.876260403225828,15.041412580645183,69.8054060771864,2.5351808854259774,9,2008,10
2008-11-01,3.46806675,20.808400499999998,12.141802333333356,16.412101333333357,8.036692083333355,67.69430517839766,2.6942158616856156,4,2008,11
2008-12-01,7.1520079999999995,42.912048,9.952576471774215,13.053453225806473,6.83600346774196,77.84955828019821,2.605024216949657,7,2008,12
2009-01-01,7.2250375,43.350225,9.915348004032282,12.563631209677443,7.000649758064537,77.93393449287426,2.7519576337589275,9,2009,1
2009-02-01,10.96682075,65.8009245,11.793079196428595,15.539811071428593,7.692249017857167,73.09848309694823,2.67313618888712,5,2009,2
2009-03-01,7.036047,42.216282,15.577445846774214,20.04344862903228,10.721305080645182,63.20654554459313,2.6761518830692745,5,2009,3
2009-04-01,6.1970089999999995,37.182054,15.759900750000023,20.686016166666693,10.293108250000023,60.48065961347687,2.8118628000270474,6,2009,4
2009-05-01,0.46178225,2.7706935,21.30367366935486,27.143306532258087,15.2474673387097,50.23836869282897,2.767196625392788,0,2009,5
2009-06-01,0.5918987499999999,3.5513925,25.79301381250002,31.468234333333353,20.062945250000023,51.09722267279721,2.771013043866331,1,2009,6
2009-07-01,0.0,0.0,28.080573487903248,34.812773225806474,20.953972983870994,41.9747280171477,2.5108942759141284,0,2009,7
2009-08-01,0.1115625,0.6693749999999999,28.778753286290346,35.139403306451634,21.647143467741962,44.23790311305137,2.273832431714963,0,2009,8
2009-09-01,2.7280925,16.368555,24.783351875000026,29.486363583333357,19.252359583333355,51.93072041800375,2.2944021576994698,4,2009,9
2009-10-01,4.47562625,26.853757499999997,22.20966681451615,27.181745080645182,16.510721693548405,58.27523350359462,2.1197646527435494,4,2009,10
2009-11-01,1.88925425,11.3355255,16.08225579166669,20.45999916666669,11.581463833333357,65.61650009679315,2.470776993469997,2,2009,11
2009-12-01,53.88989025,323.3393415,12.310274516129054,15.083371129032281,9.378576451612924,80.77596121813637,3.3801244395534646,14,2009,12
2010-01-01,19.936684,119.620104,10.853781431451635,13.1954473387097,8.166858467741958,80.014900146154,2.828789425131189,15,2010,1
2010-02-01,31.238798,187.432788,12.32800113839288,14.87801330357145,9.79611223214288,81.2901253618174,3.557841871931101,19,2010,2
2010-03-01,9.17398525,55.0439115,13.84825729838712,17.261484919354864,9.804775806451637,72.894127640577,2.654357412131439,10,2010,3
2010-04-01,9.36369525,56.182171499999995,18.000894625000022,22.462122166666692,13.416228083333355,64.85331849541338,2.6203570638959426,8,2010,4
2010-05-01,3.85690475,23.1414285,20.02574592741938,25.19495008064519,14.344076290322604,53.60368726623602,2.8389587420374176,4,2010,5
2010-06-01,4.4341655,26.604992999999997,23.615286895833357,28.86482775000002,18.16941383333336,58.50989246585309,2.602342166236641,2,2010,6
2010-07-01,1.71409325,10.2845595,29.211033165322604,35.65246532258067,22.286545725806473,46.1286514070131,2.3743692367474982,1,2010,7
2010-08-01,0.6888295,4.1329769999999995,29.866334516129058,36.012920725806474,22.999518064516153,46.220894141430634,2.1339756727187185,1,2010,8
2010-09-01,3.9114592499999996,23.4687555,25.431345145833355,30.462317583333355,19.771013083333354,52.49373153543424,2.148922938924392,4,2010,9
2010-10-01,14.41631025,86.4978615,18.367503104838732,22.761538467741957,13.632450241935505,62.2782533469959,2.4428028164529634,7,2010,10
2010-11-01,14.66841375,88.0104825,13.445827104166689,16.817647083333355,10.083867083333358,75.09063000020828,2.568969553338564,9,2010,11
2010-12-01,49.472318,296.833908,12.15496487903228,14.326827419354862,9.931454596774218,77.82364143232294,3.514618503088569,14,2010,12
2011-01-01,11.08580275,66.5148165,10.711906834677443,13.389256370967763,7.946370483870992,81.32176353877436,2.655424192917092,9,2011,1
2011-02-01,8.65565125,51.933907500000004,11.690571116071451,15.983799107142882,6.614778482142877,74.61478564395146,2.504531177100325,5,2011,2
2011-03-01,11.356426,68.138556,13.89099856854841,17.624525806451636,9.880929596774216,72.42939224504579,2.410272009888062,10,2011,3
2011-04-01,14.886652250000001,89.3199135,18.769199812500023,23.54584333333336,13.676215083333355,66.84444535402464,2.518499023537268,9,2011,4
2011-05-01,9.7971315,58.782789,21.963985786290344,26.84313225806454,17.028240161290345,63.15989769289019,2.2909115220245955,8,2011,5
2011-06-01,0.470647,2.8238820000000002,26.26297620833336,32.520097166666694,19.58450966666669,46.99469991447703,2.1498567229645866,1,2011,6
2011-07-01,0.21744200000000002,1.3046520000000001,27.536314516129057,33.51140620967744,21.03181427419357,47.85520658300129,2.5659531243169287,1,2011,7
2011-08-01,0.563237,3.379422,28.09443995967744,33.91844387096777,21.883948387096797,49.355351711515006,2.4408493813329453,1,2011,8
2011-09-01,6.265351750000001,37.5921105,24.892556833333355,30.183554083333355,18.755235333333356,56.14822592614492,2.0998780982430447,2,2011,9
2011-10-01,11.97219625,71.8331775,21.852821250000023,26.90677653225809,16.161291370967763,54.31986743481829,2.3551105113995368,4,2011,10
2011-11-01,13.29767,79.78602000000001,14.442897291666691,17.96013366666669,10.904327250000025,75.68798223291742,2.4816511646410073,6,2011,11
2011-12-01,1.42170825,8.5302495,10.860266451612926,14.568048064516153,6.9534934677419615,74.88784108523839,2.2145107664983694,4,2011,12
2012-01-01,1.07306,6.43836,10.077508528225831,14.255638951612923,5.46432846774196,70.89497363577499,2.250012181890853,1,2012,1
2012-02-01,0.33244675,1.9946805,9.916668383620712,15.445769137931055,3.278065258620715,41.931346214725316,2.665151934076694,1,2012,2
2012-03-01,2.01507775,12.0904665,15.488872862903248,21.045784435483895,9.320296451612926,50.870140019714405,2.581824938328463,3,2012,3
2012-04-01,4.81421525,28.885291499999997,15.546445083333357,19.81790691666669,10.915882750000021,61.82550747247522,3.4057211653828143,9,2012,4
2012-05-01,7.1921064999999995,43.152639,22.596468709677442,28.395345967741957,16.525572177419374,50.26104164807772,2.663565597262322,3,2012,5
2012-06-01,0.13492025,0.8095214999999999,26.490911145833355,32.43441291666669,20.317281666666688,43.43540617780851,2.6170877877892456,0,2012,6
2012-07-01,0.001191,0.007146,27.349745181451638,33.71382596774196,20.43056532258067,42.0318881167892,2.5349133723814625,0,2012,7
2012-08-01,0.0014302499999999999,0.0085815,28.17670806451615,34.221946370967764,21.16037056451615,44.37800623170315,2.258726935609233,0,2012,8
2012-09-01,9.2304925,55.382955,24.24774368750002,28.993650250000023,18.702526833333355,58.132302624662046,2.1947068603632283,3,2012,9
2012-10-01,11.729729749999999,70.3783785,19.236666330645185,23.095381935483896,14.963542177419379,68.63053390285263,2.211798176377283,5,2012,10
2012-11-01,27.96046375,167.76278250000001,14.58200041666669,17.457527083333353,11.856484916666691,78.81100220360217,2.5917113034245443,12,2012,11
2012-12-01,8.4789085,50.873450999999996,11.021616149193571,14.106727500000023,7.778239274193571,84.18390226401131,2.2420856086473147,5,2012,12
2013-01-01,9.149301999999999,54.895812,10.947456411290345,14.021231290322602,7.588834596774216,79.89012392759714,2.8805608347458977,8,2013,1
2013-02-01,10.99426475,65.9655885,10.667080089285736,14.204667321428596,6.627581964285734,71.74008299895345,2.7099174674956266,7,2013,2
2013-03-01,26.7195475,160.317285,13.55814366935486,16.3640633870968,10.468456693548411,78.29183128798778,3.5611851307849878,20,2013,3
2013-04-01,6.1746765,37.048059,16.71971520833336,20.978211583333355,11.731481500000022,69.82204273695044,2.2940190654303194,5,2013,4
2013-05-01,0.983494,5.900964,19.42899433467744,24.489029435483893,13.654624596774218,55.105898063453665,2.466489947066841,3,2013,5
2013-06-01,0.033723500000000003,0.202341,24.591440395833356,30.56911541666669,18.234614500000024,45.17149068134897,2.4738335536788085,0,2013,6
2013-07-01,0.0,0.0,27.65424524193551,33.80546572580648,20.95836741935486,46.79533554951402,2.527289839007668,0,2013,7
2013-08-01,3.16475675,18.9885405,28.404763870967763,34.53586830645164,21.122102580645183,44.83136179519572,2.2013401511411868,2,2013,8
2013-09-01,2.73823025,16.4293815,25.13260518750002,29.908610333333353,19.714093916666688,57.423264870628955,2.5080890722053075,2,2013,9
2013-10-01,11.455946,68.735676,20.564843266129056,24.87375145161293,16.010135403225828,66.91100809974795,2.1969889799163473,7,2013,10
2013-11-01,0.9278025,5.566815,13.459757916666689,17.781265333333355,8.92305791666669,60.024552421855645,2.7393531093466925,1,2013,11
2013-12-01,6.7039745,40.223847,11.204734354838733,15.432465080645182,7.045624354838734,69.14782497372025,2.860847672019073,5,2013,12
2014-01-01,11.01527875,66.0916725,12.044669475806474,14.854785483870993,9.052315806451636,78.24956458105615,2.757540384385078,10,2014,1
2014-02-01,9.95119475,59.7071685,12.213366875000023,15.202266339285739,8.701602946428595,76.30436147841786,3.1890418639319114,10,2014,2
2014-03-01,6.9856869999999995,41.914122,14.856367258064537,19.3974123387097,9.539004193548408,59.38715071190348,2.8985315551685176,4,2014,3
2014-04-01,10.575224,63.451344000000006,18.591539458333354,23.486185916666688,13.275859583333355,65.54010236311758,2.616535889242342,5,2014,4
2014-05-01,0.83729975,5.0237985,22.35264808467744,28.2547623387097,15.78452241935486,46.705838413127246,2.67337831158055,1,2014,5
2014-06-01,0.80932925,4.8559755000000004,24.350772270833357,29.668006833333358,18.819555416666688,52.53248437751622,2.6165173720521944,2,2014,6
2014-07-01,0.0063195000000000005,0.037917,25.977723306451633,31.769498790322604,19.688320080645184,53.202813833379594,2.6302573032169336,0,2014,7
2014-08-01,0.0,0.0,26.943430544354865,32.9973962903226,19.93576185483873,47.48848182051493,2.305964016378826,0,2014,8
2014-09-01,8.5574415,51.344649000000004,23.521515020833355,27.90838241666669,19.025095750000023,69.45519642726084,2.327658905922408,11,2014,9
2014-10-01,7.59778575,45.5867145,21.13063038306454,25.860942258064537,16.581579596774215,66.12845836514853,2.314234462242817,6,2014,10
2014-11-01,29.6982735,178.189641,15.625912020833356,19.058783250000022,12.366091583333356,77.60861996418835,2.6436185808191563,11,2014,11
2014-12-01,5.921848499999999,35.531091,9.931575262096796,13.490733064516153,6.347518709677443,79.09611702523983,2.402853901752153,3,2014,12
2015-01-01,6.51071325,39.0642795,9.556464092741958,13.513326612903247,5.384552016129056,74.15305267092813,2.7764409306943234,3,2015,1
2015-02-01,1.8955095,11.373057,11.193289040178595,14.775949642857166,7.001397500000024,66.42758382152466,3.024658671754909,4,2015,2
2015-03-01,6.2028697500000005,37.2172185,15.188047096774214,20.35951459677422,9.43944604838712,62.174918352994524,2.3072832732467936,8,2015,3
2015-04-01,8.89342875,53.3605725,18.29176191666669,22.947732333333356,13.243944333333355,63.4525249913652,2.3203757056462804,8,2015,4
2015-05-01,0.201577,1.209462,23.84238794354841,30.297545241935506,16.901345725806472,44.491920600950735,2.447417097963,0,2015,5
2015-06-01,0.48841074999999995,2.9304645,26.253545875000025,32.09422183333336,20.046391583333357,43.75017705245921,2.6393382733088617,1,2015,6
2015-07-01,0.1763105,1.0578630000000002,29.499160685483893,35.77042911290325,22.196468145161315,44.68339464736873,2.2411064576345683,1,2015,7
2015-08-01,0.2008385,1.205031,27.866228245967765,33.134087177419374,21.86624854838712,50.02369432048554,2.4821637236793253,0,2015,8
2015-09-01,3.5861422499999995,21.516853499999996,23.48177272916669,28.27250025000002,18.01365191666669,57.61311451318799,2.409088120583864,3,2015,9
2015-10-01,17.413598,104.481588,19.750195947580668,23.23199532258067,16.30227217741938,74.91785757387385,2.205070362612093,13,2015,10
2015-11-01,5.0142005,30.085203,15.208969375000022,19.969862083333354,10.78389000000002,72.04834547975952,2.4397161112025647,3,2015,11
2015-12-01,2.0563154999999997,12.337893000000001,13.061415927419377,17.427137016129056,8.925851532258088,74.60292990483337,2.066380672702127,4,2015,12
2016-01-01,6.9682825,41.809695,12.695030362903248,15.550241370967761,9.486568951612927,80.65011173212379,2.6684372040974393,11,2016,1
2016-02-01,2.9987352499999997,17.9924115,12.943043448275885,16.247540086206918,9.187675517241402,70.35648138630873,3.5570706458390564,7,2016,2
2016-03-01,3.882503,23.295018000000002,13.279462419354862,17.99467467741938,7.61585161290325,65.07359471316309,2.4441131302602233,5,2016,3
2016-04-01,13.718359,82.310154,16.50989179166669,20.805844916666686,11.717661250000022,68.68000762943069,2.60879736546432,9,2016,4
2016-05-01,13.58062925,81.48377550000001,19.52619229838712,24.042595403225828,14.770689032258087,63.2291552736103,2.987569966111365,9,2016,5
2016-06-01,0.46097650000000007,2.765859,25.69145543750002,31.783748916666692,19.01632416666669,47.231691891997166,2.554009096764936,1,2016,6
2016-07-01,0.10073225,0.6043935,29.34002112903228,35.687749677419376,22.400476290322604,45.79719129077897,2.3114210406561533,0,2016,7
2016-08-01,0.0,0.0,29.49480602822583,35.514646209677444,22.365050806451638,41.642757649282025,2.349976981181626,0,2016,8
2016-09-01,0.6062985000000001,3.637791,25.493936562500025,31.104907083333355,18.828306833333354,50.05686375506357,2.1622804325614573,1,2016,9
2016-10-01,12.21776425,73.3065855,20.781981915322604,25.08878758064518,16.28823354838712,67.14550087522825,2.2184055299543552,4,2016,10
2016-11-01,13.77822625,82.6693575,13.805104270833358,17.51915658333336,10.018268333333356,74.42898919433189,2.3863880845927117,9,2016,11
2016-12-01,9.893647249999999,59.3618835,12.092851592741958,15.60937104838712,8.797277661290346,81.00557853236569,2.5972135729235277,8,2016,12
2017-01-01,1.6065827499999998,9.6394965,9.455874495967764,13.543298064516152,4.731497419354859,71.05869519089057,2.2677572514473665,2,2017,1
2017-02-01,9.6148005,57.688803,13.148620357142878,16.16884410714288,9.814658392857169,76.10772354324868,2.6674028337056295,6,2017,2
2017-03-01,6.1944444999999995,37.166667,14.797128064516151,19.250352580645185,9.64962161290325,66.91159906734497,2.8895781260449263,6,2017,3
2017-04-01,9.984163,59.904978,19.088857062500026,24.479533000000025,12.815403583333357,54.474918502211835,2.6939507646126866,4,2017,4
2017-05-01,5.655767,33.934602,21.666088770161313,27.08314048387099,15.98918048387099,57.78604960064187,2.581827881178404,4,2017,5
2017-06-01,0.09381025,0.5628615,27.811685958333353,33.71576341666669,21.170140166666688,44.01891132724337,2.552221446436351,0,2017,6
2017-07-01,2.154589,12.927534000000001,27.773720342741957,34.06754822580647,20.768617338709696,46.01837851365363,2.3935575849666098,1,2017,7
2017-08-01,1.72078325,10.3246995,28.546928044354864,34.509337661290346,21.41571306451615,44.172861823515966,2.1398158023442417,2,2017,8
2017-09-01,0.00167,0.010020000000000001,25.27615887500002,30.85730966666669,18.103539750000024,44.517899987773376,2.0903044669255455,0,2017,9
2017-10-01,6.45054225,38.7032535,22.79406381048389,28.159628548387122,16.696957903225826,52.95775447770575,1.996310887107615,3,2017,10
2017-11-01,5.73062125,34.3837275,14.349289854166692,18.784843250000026,9.505675166666691,63.9534548989271,2.309109284449186,4,2017,11
2017-12-01,7.80307975,46.8184785,10.682796915322603,14.371742822580666,6.931187822580667,71.71827104744231,2.8216759760405146,4,2017,12
2018-01-01,4.08346975,24.500818499999998,10.507134556451637,13.959703548387123,6.708857500000024,76.56739191470885,2.643471922577477,7,2018,1
2018-02-01,6.898765,41.39259,10.578373571428596,14.808413214285737,5.544331875000024,64.49256148152851,2.536229012481645,4,2018,2
2018-03-01,32.987088,197.922528,13.46507050403228,16.468182661290346,10.018508951612928,75.13054607635812,4.069665965447707,17,2018,3
2018-04-01,10.033708249999998,60.2022495,15.860921854166689,19.953689166666685,11.157574916666693,71.5171839313975,2.920939445410052,8,2018,4
2018-05-01,7.0690655,42.414393,18.843860846774216,23.6216748387097,13.909187500000025,65.81642171845155,2.1696764614213073,10,2018,5
2018-06-01,0.5997797500000001,3.5986784999999997,23.56127808333336,28.595867166666686,18.08539941666669,56.25935216513127,2.7352978238195464,1,2018,6
2018-07-01,0.000715,0.00429,25.26224842741938,31.02465411290325,18.786714435483894,55.795338988083955,2.484297352483718,0,2018,7
2018-08-01,0.0226555,0.135933,28.982336895161314,35.0619233870968,21.686801774193572,46.10607175261833,2.237648978690522,0,2018,8
2018-09-01,2.48887675,14.9332605,26.233603083333357,31.084998250000023,20.605751583333355,57.92313669263917,1.9692043904013372,3,2018,9
2018-10-01,18.70080475,112.2048285,19.335606290322605,23.381299274193573,14.916539516129054,67.47645964851559,2.2505146043823356,11,2018,10
2018-11-01,15.381051750000001,92.2863105,14.008665187500023,16.970173000000024,11.10587100000002,82.59613904324605,2.328975716327007,11,2018,11
2018-12-01,1.9845917499999999,11.9075505,11.552442479838733,15.29528354838712,7.801080080645184,79.96728693273069,2.215086912827282,2,2018,12
2019-01-01,1.7018225,10.210935,10.029468266129056,14.151331774193574,5.351586774193572,70.21659254746477,2.5204530778337344,3,2019,1
2019-02-01,2.10560625,12.6336375,12.653089933035735,17.459831964285733,7.181062767857163,63.84540771832712,2.3436502764093716,2,2019,2
2019-03-01,2.7122435,16.273460999999998,15.922586169354862,21.31484532258067,9.8110123387097,56.388921380416626,2.5792339757290415,5,2019,3
2019-04-01,5.91194325,35.4716595,16.20322322916669,20.89537133333335,10.87853175000002,63.02913635606173,2.9623212178626526,9,2019,4
2019-05-01,0.03274925,0.1964955,22.9296506653226,28.840802580645185,16.248773387096797,48.83001702932638,2.7517187865187966,0,2019,5
2019-06-01,0.053403,0.32041800000000004,23.689401520833357,29.00821225000002,17.580554333333357,48.79823910499817,2.8083762829324925,0,2019,6
2019-07-01,0.018845999999999998,0.113076,26.18022050403228,31.614618145161312,20.041910806451632,54.978836711137646,2.677957515319632,0,2019,7
2019-08-01,0.077372,0.464232,27.659515846774216,33.55984217741938,20.526178306451634,45.66774060220749,2.2970357660855654,0,2019,8
2019-09-01,5.44741725,32.6845035,24.58148504166669,29.189396250000023,18.898966500000025,56.197929413430806,2.140963841780547,4,2019,9
2019-10-01,3.36931825,20.215909500000002,19.984702560483893,24.60575169354841,14.388141370967766,61.6285101825931,2.0316441046505145,2,2019,10
2019-11-01,7.41834875,44.5100925,14.53723235416669,17.410333500000025,11.35725066666669,71.86533415282062,3.0112330228289155,10,2019,11
2019-12-01,10.63439425,63.8063655,13.276610645161313,16.419564112903252,10.177608870967763,76.1915331956532,3.0875313949810304,8,2019,12
2020-01-01,7.3781039999999996,44.268623999999996,10.706225564516151,13.9644748387097,7.158449596774212,77.48539650289331,2.194701165067714,6,2020,1
2020-02-01,0.40894575,2.4536745,14.728342995689678,18.796689913793127,10.019391637931058,71.58057376524557,2.0342628180696747,1,2020,2
2020-03-01,13.14721525,78.8832915,15.089441653225828,19.24610782258067,10.364494516129056,67.31860071892322,2.6325611148228467,10,2020,3
2020-04-01,14.9661055,89.796633,16.678260625000025,20.45665450000002,12.655829750000022,72.0858346560585,2.3902546958562776,11,2020,4
2020-05-01,4.94449775,29.6669865,22.115103528225827,27.306861370967763,16.60519508064518,58.95143628258564,2.4581021517794976,7,2020,5
2020-06-01,0.37576925,2.2546155,23.911489187500024,28.994272333333356,18.23668125000002,53.22348242261929,3.002576376955433,1,2020,6
2020-07-01,0.014527749999999999,0.0871665,28.91937177419357,34.887485806451636,22.265218870967765,49.6836262831581,2.3570830511096563,0,2020,7
2020-08-01,0.01966625,0.11799749999999999,27.336641733870994,32.82712225806454,20.692232419354863,49.28189989896536,2.1494664838249387,0,2020,8
2020-09-01,4.656399749999999,27.938398499999998,24.62983308333336,29.532537416666692,18.99129066666669,52.933274901876274,2.1530097598631226,4,2020,9
2020-10-01,5.026371,30.158226,18.727150483870993,23.780099435483894,13.568769919354864,56.785491051608375,2.5009238243736456,4,2020,10
2020-11-01,16.13324225,96.7994535,16.024827020833357,19.594370833333354,12.808677166666692,76.42752834987864,2.192286956193636,10,2020,11
2020-12-01,2.84622725,17.0773635,11.732455987903247,14.7785423387097,8.672785322580669,78.0189606283399,2.5907313350110446,5,2020,12
2021-01-01,18.11683177947918,108.70099067687508,9.880876405777485,12.899902146862416,6.622935436617957,77.33789504012353,2.897860779468372,8,2021,1
2021-02-01,5.595207214354909,33.57124328612946,13.5837237766811,16.79081878662111,10.08808833530973,76.24226225068666,2.7275124841779705,6,2021,2
2021-03-01,7.7295303344722495,46.3771820068335,14.96633103893651,19.515090253276227,9.882072005733379,62.57272734313292,2.310924627044592,5,2021,3
2021-04-01,7.542371749877253,45.25423049926352,17.705170694986993,21.76309611002606,13.264205932617198,68.87535488802236,2.182250087425073,7,2021,4
2021-05-01,1.2459754943846173,7.475852966307704,21.00109671315841,26.51260257844004,14.698745038432477,54.68071594538832,2.3047245112983084,3,2021,5
2021-06-01,0.6917715072630555,4.150629043578333,23.67154286702476,28.83247680664064,18.026365152994806,57.56492596500091,2.5103225565079166,2,2021,6
2021-07-01,0.0007152557373046875,0.004291534423828125,26.920828099404627,32.68396862399195,20.37317957724296,50.78205386597575,2.3575356187491163,0,2021,7
2021-08-01,0.04875659942626953,0.2925395965576172,26.925659721128422,32.281558916645686,20.608500622164836,56.145051721014546,2.203382928879693,0,2021,8
2021-09-01,7.744193077086962,46.46515846252177,23.699261220296243,28.254888916015645,18.554883829752622,64.27773653144169,2.102185316626951,4,2021,9
2021-10-01,3.9834976196285705,23.900985717771423,20.504550367786056,25.38040830550657,15.433423245337723,62.64211018075565,2.215221261181756,4,2021,10
2021-11-01,2.582907676696472,15.49744606017883,12.84092661539715,17.142102050781265,8.722293090820331,66.81450141629446,2.5128095259649803,4,2021,11
2021-12-01,15.916943550109156,95.50166130065494,13.092666429088977,16.389748653288827,9.818795284148203,75.0801837090002,2.7948750163848173,7,2021,12
2022-01-01,0.7491111755370101,4.494667053222061,11.078787575998634,15.10170209330899,6.926060633505565,68.78180091997687,2.646937969416544,1,2022,1
2022-02-01,1.5859603881833797,9.515762329100278,13.587196786063076,18.064712960379488,8.66667218889511,63.95003639029505,2.050576525582216,4,2022,2
2022-03-01,19.892334938047842,119.35400962828705,14.013641160534293,17.371562145602333,10.475467608051934,73.63210333088232,2.587696763524095,14,2022,3
2022-04-01,7.99989700317341,47.99938201904046,15.828915405273454,20.441791788737,10.577504475911473,66.03776122524506,2.8147650294123636,4,2022,4
2022-05-01,1.2428760528563678,7.457256317138207,22.498753258489813,28.23477842269407,16.356642003213224,54.890719747910246,2.2959817020867077,1,2022,5
2022-06-01,0.05996227264404297,0.3597736358642578,24.946487172444684,30.38017272949221,19.066126505533873,52.37273764996424,2.60601302270284,0,2022,6
2022-07-01,0.0026226043701171875,0.015735626220703125,29.22039799844067,35.622156746156776,21.9964558262979,44.3010871095357,2.25038071386194,0,2022,7
2022-08-01,0.30517578124993905,1.8310546874996343,26.791466792937268,32.066926820816555,20.646076620778747,57.06795638038419,2.2909952754215426,1,2022,8
2022-09-01,1.4861822128292852,8.917093276975711,23.939950561523457,28.486915079752624,18.51862589518231,59.60290615787032,2.402034166958081,3,2022,9
2022-10-01,2.323389053344465,13.940334320066789,22.019713912471666,26.817269405241955,17.230388813634093,63.63451631939171,2.1453254933818786,4,2022,10
2022-11-01,3.721117973327268,22.326707839963607,16.104497528076188,19.730205281575536,12.6186726888021,74.67008691187863,2.42657200955397,5,2022,11
2022-12-01,22.183537483213883,133.1012248992833,14.046819674584192,17.00921906502018,11.19377854870213,84.18977023078043,2.706370425664435,15,2022,12
2023-01-01,2.840518951415879,17.043113708495273,10.678566028225823,14.095443036479352,7.048301253780259,73.95879835854713,2.6110006941333395,2,2023,1
2023-02-01,0.7466077804564406,4.479646682738644,12.239878409249457,16.553435625348786,7.5245638166155215,59.188787746275445,2.5062286322005076,1,2023,2
2023-03-01,1.69777870178195,10.1866722106917,16.35870710803618,21.482746542653754,10.162640774634593,60.39276598239731,2.254072004370524,4,2023,3
2023-04-01,0.2193450927734258,1.3160705566405546,20.35554148356122,26.150513712565125,13.247078450520851,48.926890136574166,2.3031531950539343,1,2023,4
2023-05-01,6.823301315307023,40.93980789184214,21.267526983445705,26.111019799017157,15.96023539881554,57.11988947214589,2.372964060679493,6,2023,5
2023-06-01,7.563591003417571,45.381546020505425,25.71335932413739,30.84241333007815,20.19778238932293,56.966176009853925,2.3374186043146397,4,2023,6
2023-07-01,0.00011920928955078125,0.0007152557373046875,27.724222293976833,33.48154454385082,21.196863777406772,50.93976636441113,2.359740928237024,0,2023,7
2023-08-01,0.0,0.0,28.664261651808236,34.63939425560738,21.38973191784276,45.05687275608936,2.25982661431861,0,2023,8
2023-09-01,6.257295608520262,37.54377365112157,23.412173461914076,28.006261189778662,18.319949340820326,63.722438408999224,2.195245493569577,6,2023,9
2023-10-01,21.063566207884815,126.38139724730888,21.493089540543114,25.58238249747986,17.221485556325625,65.84048473171161,2.6582510526364715,9,2023,10
2023-11-01,2.5868415832516867,15.52104949951012,15.197167714436867,19.261767578125014,11.267564900716161,75.07283361982687,2.4409553948947096,2,2023,11
2023-12-01,8.010506629943535,48.06303977966121,10.902996727728091,14.393714954007072,7.374619810042862,79.63935851754388,2.172624667940228,5,2023,12
2024-01-01,15.875220298766418,95.2513217925985,12.411516792543491,15.690641144783283,8.825900957661306,80.36068612818102,2.455532653064426,6,2024,1
2024-02-01,14.822602272033171,88.93561363219902,13.885177559688191,17.502439512055517,9.978699993265108,74.51837135129047,2.7484824164497104,6,2024,2
2024-03-01,17.943501472471798,107.6610088348308,14.933114131804453,18.349951762537813,11.009282069052437,72.90191549998765,3.3629319945023344,11,2024,3
2024-04-01,1.1299848556516734,6.77990913391004,17.995993550618508,23.02914225260418,12.068412272135436,61.70650237259441,2.406135661352923,3,2024,4
2024-05-01,0.3135204315185359,1.8811225891112158,20.722621597782275,26.35721691500758,14.15615529706403,53.48371984376356,2.5436430396501586,1,2024,5
2024-06-01,1.565217971801697,9.391307830810181,23.71835505167645,28.639282226562518,18.457124837239597,58.56103457524013,2.6553361648281686,1,2024,6
2024-07-01,0.057220458984375,0.34332275390625,27.07058154690652,33.10089583858369,20.416136513986913,53.911273699345536,2.2567890092056673,0,2024,7
2024-08-01,0.049114227294921875,0.29468536376953125,27.605851253386486,33.166822667275724,21.117088859312016,59.16819248628185,2.2062828051797636,0,2024,8
2024-09-01,1.2705326080320383,7.62319564819223,23.12070337931317,27.800043741862,17.806915283203143,62.484063826995005,2.381399985789808,3,2024,9
2024-10-01,21.41046524047737,128.46279144286424,19.307410258631567,22.486453936176925,16.06511742376514,76.83213785061152,2.6889249009929355,13,2024,10
2024-11-01,6.657123565673491,39.94274139404095,16.211623128255226,19.871991984049494,12.99270528157554,79.91990057206024,2.1299637665737206,5,2024,11
2024-12-01,2.001166343688748,12.00699806213249,11.162390727381572,15.199914550781267,7.341295599168364,73.19795700113052,2.506944323099977,3,2024,12
2025-01-01,20.063877105711775,120.38326263427065,11.514893365675421,14.856535683908787,8.21719832881806,78.0145847434596,2.8706759088397233,12,2025,1
2025-02-01,6.404876708983986,38.42926025390391,12.245691190447143,16.11292855398997,7.547918483189191,77.80656346569364,2.019619368814454,7,2025,2
2025-03-01,37.23704814910651,223.42228889463905,13.876882786904629,17.11587209393903,10.377328983429958,78.72322477297386,3.183843025848986,20,2025,3
2025-04-01,10.214209556578888,61.28525733947333,17.384642537434914,21.509430948893247,12.907845052083353,69.30879759875803,2.7383253882896326,7,2025,4
2025-05-01,3.1276941299435617,18.766164779661374,21.03142921693865,26.46817489131806,15.041662203881065,59.486327308135756,2.3208713471442497,4,2025,5
2025-06-01,1.4246702194212955,8.548021316527771,26.930458831787124,32.896674601236995,20.608413696289073,53.9228135968075,2.0907167695116398,2,2025,6
2025-07-01,0.02276897430419922,0.1366138458251953,27.512708651634973,33.09894468245969,21.13460398027976,54.54222443618897,2.297002949410852,0,2025,7
2025-08-01,0.0,0.0,28.101108969411563,33.67917834866434,21.2795605074975,51.20355093068621,2.197491951785394,0,2025,8
2025-09-01,0.6029605865477579,3.617763519286547,24.332389831542983,29.534421793619806,17.99917093912762,53.20487706847546,2.0359979866707665,2,2025,9
2025-10-01,8.726119995116747,52.356719970700475,21.73315336165891,26.23829680412048,17.132882198210705,68.17003382408053,1.9364281892031447,5,2025,10
2025-11-01,12.018918991088105,72.11351394652863,14.100787607828794,18.16590474446616,10.22772420247398,74.20588700971335,2.6353540091997565,8,2025,11
2025-12-01,13.500928878783064,81.00557327269838,10.981281945013246,13.999048836000519,7.7618238879788475,85.17017112095598,2.1955907958415426,11,2025,12
