valid_time,year,month,precip_3mo,spi3
1990-01-01,1990,1,,
1990-02-01,1990,2,,
1990-03-01,1990,3,78.958179,-0.7832897437815369
1990-04-01,1990,4,128.548407,-0.257491422782338
1990-05-01,1990,5,135.87131399999998,0.03412443317659864
1990-06-01,1990,6,106.4045565,0.4279040338676058
1990-07-01,1990,7,10.8597885,-0.9788058936968742
1990-08-01,1990,8,4.585893,-0.4102438656248337
1990-09-01,1990,9,5.081922,-1.4550710314463753
1990-10-01,1990,10,65.055657,-0.5313030933026563
1990-11-01,1990,11,112.862919,-0.5220256816659216
1990-12-01,1990,12,148.728411,-0.4339114701705273
1991-01-01,1991,1,100.313016,-0.5887863859397542
1991-02-01,1991,2,150.1958415,0.03395214645027793
1991-03-01,1991,3,218.1881625,0.8211299606043093
1991-04-01,1991,4,238.739973,1.2273099396773006
1991-05-01,1991,5,140.3078535,0.11454706325075978
1991-06-01,1991,6,39.681516,-1.4771163029968863
1991-07-01,1991,7,6.794592,-1.3110169508851799
1991-08-01,1991,8,6.284454,-0.18423078908711682
1991-09-01,1991,9,43.728375,0.5207687612876014
1991-10-01,1991,10,144.7566525,0.8363042694858913
1991-11-01,1991,11,164.338233,0.18768949523297182
1991-12-01,1991,12,143.35734150000002,-0.49725046100683745
1992-01-01,1992,1,45.2416605,-1.4113914828926333
1992-02-01,1992,2,64.4154855,-0.8950628090224152
1992-03-01,1992,3,63.375817500000004,-1.0686597857801832
1992-04-01,1992,4,92.801589,-0.925807807937561
1992-05-01,1992,5,70.690425,-1.4344425792722324
1992-06-01,1992,6,102.716268,0.34886370846506837
1992-07-01,1992,7,70.9045335,0.8818896506345023
1992-08-01,1992,8,55.094244,2.2090073462723354
1992-09-01,1992,9,34.8601515,0.24830341200170045
1992-10-01,1992,10,106.7281965,0.27198683078016483
1992-11-01,1992,11,111.28294950000002,-0.5470340029535623
1992-12-01,1992,12,108.845439,-0.9494620863711185
1993-01-01,1993,1,69.83047350000001,-0.9850959050096512
1993-02-01,1993,2,86.5804095,-0.5964892267822117
1993-03-01,1993,3,104.5618455,-0.3907043089933794
1993-04-01,1993,4,130.18892400000001,-0.23006160800140146
1993-05-01,1993,5,165.439842,0.5408481472169234
1993-06-01,1993,6,126.89750850000001,0.8371406481023751
1993-07-01,1993,7,67.81719150000002,0.8234431380907627
1993-08-01,1993,8,10.845334500000014,0.2601150605645422
1993-09-01,1993,9,12.789715500000014,-0.7491914117753627
1993-10-01,1993,10,138.5098695,0.7508955638833428
1993-11-01,1993,11,193.182927,0.5212291269436029
1993-12-01,1993,12,182.205057,-0.0707213116536799
1994-01-01,1994,1,86.7769305,-0.7522889806387886
1994-02-01,1994,2,93.11180250000001,-0.5191289957939705
1994-03-01,1994,3,95.95134900000002,-0.5143950861409727
1994-04-01,1994,4,104.82668700000002,-0.683830559747092
1994-05-01,1994,5,98.20928100000003,-0.732903530952872
1994-06-01,1994,6,94.79890800000003,0.17260735918661693
1994-07-01,1994,7,56.433387000000025,0.5917135439418809
1994-08-01,1994,8,1.7210415000000283,-1.0068015989721524
1994-09-01,1994,9,2.2473720000000283,-1.969203149967317
1994-10-01,1994,10,21.92048400000003,-1.9325884698023332
1994-11-01,1994,11,62.28907350000003,-1.4897235002058447
1994-12-01,1994,12,75.29721000000004,-1.4999853747292469
1995-01-01,1995,1,89.00419950000003,-0.7241946733419282
1995-02-01,1995,2,92.62353150000003,-0.5247768326809725
1995-03-01,1995,3,124.19037750000004,-0.13289976120518673
1995-04-01,1995,4,103.48058250000003,-0.7099309364049409
1995-05-01,1995,5,69.23457450000002,-1.4765631860504094
1995-06-01,1995,6,32.15198700000002,-1.81577840492726
1995-07-01,1995,7,21.84037650000002,-0.4045725873187731
1995-08-01,1995,8,12.49332000000002,0.3882741418246447
1995-09-01,1995,9,8.672869500000022,-1.0658304727626478
1995-10-01,1995,10,9.760314000000022,-2.7525753604316123
1995-11-01,1995,11,86.74476450000003,-0.9715564437113847
1995-12-01,1995,12,270.3483225,0.708551577777107
1996-01-01,1996,1,553.2022755,2.049523601728151
1996-02-01,1996,2,535.0381860000001,2.022199594048855
1996-03-01,1996,3,379.45549200000005,1.961904158381992
1996-04-01,1996,4,123.44166900000006,-0.3444265280225384
1996-05-01,1996,5,147.95617200000007,0.24929782527347114
1996-06-01,1996,6,114.95311650000006,0.6043975419512626
1996-07-01,1996,7,88.39563900000006,1.1856840289980175
1996-08-01,1996,8,6.733779000000057,-0.13194377917901348
1996-09-01,1996,9,39.363577500000055,0.39177385498016926
1996-10-01,1996,10,76.03729500000006,-0.291756569919835
1996-11-01,1996,11,148.75438050000002,-0.008997245507663355
1996-12-01,1996,12,405.08277300000003,1.6264039956651084
1997-01-01,1997,1,481.4844465,1.7696469179345504
1997-02-01,1997,2,407.112129,1.5133522902569252
1997-03-01,1997,3,119.53867050000005,-0.19132457936317523
1997-04-01,1997,4,61.02638850000006,-1.6941489180573912
1997-05-01,1997,5,89.85468000000006,-0.9295816866889679
1997-06-01,1997,6,98.55933450000006,0.25749411090429336
1997-07-01,1997,7,66.46666050000005,0.7973379901900509
1997-08-01,1997,8,40.12195500000006,1.7284598075212396
1997-09-01,1997,9,106.99452900000006,1.8393573245413999
1997-10-01,1997,10,118.80532650000006,0.4637910722513733
1997-11-01,1997,11,315.94796700000006,1.65969613371771
1997-12-01,1997,12,422.7218250000001,1.7312430890755082
1998-01-01,1998,1,462.01362450000005,1.689285739579356
1998-02-01,1998,2,334.97174550000005,1.1811328857233798
1998-03-01,1998,3,173.98586850000004,0.415936384262684
1998-04-01,1998,4,116.52351600000006,-0.4661897474471292
1998-05-01,1998,5,108.92046750000006,-0.49690976880752386
1998-06-01,1998,6,107.61894300000006,0.4535318363828542
1998-07-01,1998,7,87.02688450000005,1.1633638544345768
1998-08-01,1998,8,21.58574550000006,0.9457911584545207
1998-09-01,1998,9,30.091972500000058,0.08211175863857083
1998-10-01,1998,10,35.001334500000056,-1.380533812935359
1998-11-01,1998,11,46.68552600000006,-1.903542260436942
1998-12-01,1998,12,36.51405450000006,-2.435000146998291
1999-01-01,1999,1,76.18024500000006,-0.893529002162374
1999-02-01,1999,2,74.65338750000005,-0.7492298057900676
1999-03-01,1999,3,114.74259300000006,-0.2532095520277509
1999-04-01,1999,4,100.18931850000007,-0.7747492003368737
1999-05-01,1999,5,102.66064200000005,-0.6327882323501466
1999-06-01,1999,6,44.18739600000006,-1.296101730410605
1999-07-01,1999,7,15.428398500000057,-0.7036638805963488
1999-08-01,1999,8,4.062144000000057,-0.4921782721736069
1999-09-01,1999,9,84.68067000000005,1.4511919179354198
1999-10-01,1999,10,226.70551800000004,1.7864419390932622
1999-11-01,1999,11,236.55352500000006,0.9659706944415064
1999-12-01,1999,12,184.19764500000008,-0.05058530734545647
2000-01-01,2000,1,54.38603100000009,-1.2364450926994084
2000-02-01,2000,2,43.75341000000009,-1.2512634119203558
2000-03-01,2000,3,30.736158000000085,-1.896159949778448
2000-04-01,2000,4,142.5345930000001,-0.030771492758124467
2000-05-01,2000,5,198.3656370000001,1.0391334308504352
2000-06-01,2000,6,182.60383950000008,1.767892537131906
2000-07-01,2000,7,57.32604150000008,0.6109284128508679
2000-08-01,2000,8,1.1408625000000852,-1.2202802488982902
2000-09-01,2000,9,7.341811500000085,-1.1924440395350067
2000-10-01,2000,10,47.613985500000084,-0.9778872197315229
2000-11-01,2000,11,91.41049650000008,-0.884910145171937
2000-12-01,2000,12,232.15017300000005,0.39535404721530126
2001-01-01,2001,1,309.91001100000005,0.9729007532696922
2001-02-01,2001,2,298.23316500000004,0.9943377200400823
2001-03-01,2001,3,279.24831450000005,1.3012619401199372
2001-04-01,2001,4,162.27709500000006,0.2651306154834227
2001-05-01,2001,5,198.70503300000007,1.0439780569177157
2001-06-01,2001,6,70.21836600000006,-0.44712357473262243
2001-07-01,2001,7,74.70650550000006,0.9516665880988305
2001-08-01,2001,8,6.176773500000056,-0.19715401423946882
2001-09-01,2001,9,76.87887900000007,1.3006547484142847
2001-10-01,2001,10,208.3573320000001,1.5955264017268092
2001-11-01,2001,11,269.5564890000001,1.2700683064014442
2001-12-01,2001,12,268.3157070000001,0.692644023488409
2002-01-01,2002,1,158.89988400000007,-0.020232184631739817
2002-02-01,2002,2,115.71880350000006,-0.277737775757645
2002-03-01,2002,3,145.6071540000001,0.11848410832352904
2002-04-01,2002,4,176.26837800000007,0.46060592409271967
2002-05-01,2002,5,188.20683300000007,0.8915623300760033
2002-06-01,2002,6,89.19360450000008,0.04180120021622931
2002-07-01,2002,7,31.001608500000085,-0.07115173398698214
2002-08-01,2002,8,0.9113235000000852,-1.3297481257906285
2002-09-01,2002,9,68.87651100000008,1.1359632598845142
2002-10-01,2002,10,116.10659400000009,0.4220907833894958
2002-11-01,2002,11,233.14066050000008,0.9329990991331136
2002-12-01,2002,12,258.8782875000001,0.6177356503957994
2003-01-01,2003,1,258.8590770000001,0.6824761288930574
2003-02-01,2003,2,230.9731755000001,0.6098051260349975
2003-03-01,2003,3,201.4935540000001,0.6750157361833111
2003-04-01,2003,4,207.3059055000001,0.8603893860926525
2003-05-01,2003,5,121.23770100000011,-0.24433898820700642
2003-06-01,2003,6,57.549852000000115,-0.8264769498871619
2003-07-01,2003,7,4.392207000000114,-1.590255339684779
2003-08-01,2003,8,7.734759000000113,-0.02375602068259026
2003-09-01,2003,9,41.56021800000012,0.4578111276972133
2003-10-01,2003,10,182.33686350000013,1.3057107532903642
2003-11-01,2003,11,256.5515085000002,1.1532575192817878
2003-12-01,2003,12,311.12037600000014,1.0124419109325378
2004-01-01,2004,1,189.92280900000011,0.2233899699299991
2004-02-01,2004,2,249.5578455000001,0.7226004529656667
2004-03-01,2004,3,220.9889400000001,0.8449249401327471
2004-04-01,2004,4,239.41883400000012,1.2348798665721592
2004-05-01,2004,5,174.82165800000013,0.6889765872020435
2004-06-01,2004,6,114.50651250000011,0.5953946750166443
2004-07-01,2004,7,76.96446300000011,0.9920387973700798
2004-08-01,2004,8,10.338784500000113,0.218090996248927
2004-09-01,2004,9,10.272195000000112,-0.9317627281618717
2004-10-01,2004,10,98.52930750000012,0.13339981326404052
2004-11-01,2004,11,94.74431250000012,-0.8248793365999478
2004-12-01,2004,12,121.55219700000012,-0.7726858358967237
2005-01-01,2005,1,32.843133000000115,-1.6975050415525437
2005-02-01,2005,2,69.98339100000011,-0.8138284011869992
2005-03-01,2005,3,73.8427530000001,-0.872160867855222
2005-04-01,2005,4,86.66958900000012,-1.0576824462542962
2005-05-01,2005,5,77.77136700000011,-1.2378698847698126
2005-06-01,2005,6,47.298729000000115,-1.178645120639152
2005-07-01,2005,7,34.50778200000011,0.038159428932415584
2005-08-01,2005,8,1.1416440000001138,-1.2199392612589652
2005-09-01,2005,9,1.7474640000001136,-2.1122908196771872
2005-10-01,2005,10,60.67793100000011,-0.634623782316724
2005-11-01,2005,11,81.34382400000011,-1.0760534034931644
2005-12-01,2005,12,101.69795400000011,-1.0553666571361031
2006-01-01,2006,1,139.14027300000012,-0.1927573559361182
2006-02-01,2006,2,155.0546460000001,0.07380159273700236
2006-03-01,2006,3,211.07527950000014,0.7597970977242333
2006-04-01,2006,4,141.08559450000013,-0.05354433331717946
2006-05-01,2006,5,124.48757250000011,-0.18062013333950921
2006-06-01,2006,6,87.04652850000011,-0.009760479660673426
2006-07-01,2006,7,60.78358050000011,0.6835643209041266
2006-08-01,2006,8,44.01855600000011,1.862580106986417
2006-09-01,2006,9,33.335028000000115,0.19691247790070032
2006-10-01,2006,10,186.6546375000001,1.355533914591019
2006-11-01,2006,11,293.2752870000001,1.4741712636007136
2006-12-01,2006,12,285.5534355000001,0.8251480387008313
2007-01-01,2007,1,154.16499000000013,-0.06017755584701218
2007-02-01,2007,2,92.12461650000012,-0.5305695775364859
2007-03-01,2007,3,105.31199400000011,-0.3802666502877357
2007-04-01,2007,4,141.55808100000013,-0.04610141955641427
2007-05-01,2007,5,171.0971280000001,0.6308102799232914
2007-06-01,2007,6,141.11941200000012,1.0963782416284769
2007-07-01,2007,7,82.73896800000011,1.0919756738126207
2007-08-01,2007,8,19.736013000000117,0.8469622658884217
2007-09-01,2007,9,80.94889650000012,1.3803146272459912
2007-10-01,2007,10,94.53219750000012,0.06302668646717828
2007-11-01,2007,11,126.96605400000011,-0.3087781975887064
2007-12-01,2007,12,101.3434380000001,-1.060754797051818
2008-01-01,2008,1,130.09201350000012,-0.27740787711964754
2008-02-01,2008,2,153.02576700000012,0.05726610316844647
2008-03-01,2008,3,134.79691800000012,-0.005030764064614059
2008-04-01,2008,4,239.6422950000001,1.2373686456745525
2008-05-01,2008,5,204.76663650000012,1.129615172518845
2008-06-01,2008,6,184.04917800000013,1.7894482884175524
2008-07-01,2008,7,37.864690500000115,0.13590947897376973
2008-08-01,2008,8,3.0462345000001134,-0.6766276642474859
2008-09-01,2008,9,56.98914300000011,0.8672521310861921
2008-10-01,2008,10,132.8346210000001,0.6711028114391345
2008-11-01,2008,11,153.43925550000012,0.05152607865596419
2008-12-01,2008,12,140.55869250000012,-0.5309029169742956
2009-01-01,2009,1,107.07067350000011,-0.5129619262621303
2009-02-01,2009,2,152.06319750000011,0.04936914910520526
2009-03-01,2009,3,151.36743150000012,0.18179835138774567
2009-04-01,2009,4,145.19926050000012,0.010704719732235923
2009-05-01,2009,5,82.16902950000011,-1.1220392472495537
2009-06-01,2009,6,43.50414000000011,-1.3226765374005687
2009-07-01,2009,7,6.322086000000114,-1.358972380772515
2009-08-01,2009,8,4.220767500000114,-0.4665822893680261
2009-09-01,2009,9,17.037930000000113,-0.4933497929095754
2009-10-01,2009,10,43.89168750000011,-1.0878011123753832
2009-11-01,2009,11,54.5578380000001,-1.6839120862277004
2009-12-01,2009,12,361.5286245000001,1.354545987133577
2010-01-01,2010,1,454.29497100000015,1.6568495477112894
2010-02-01,2010,2,630.3922335000001,2.354752714328077
2010-03-01,2010,3,362.0968035000001,1.8560218061754155
2010-04-01,2010,4,298.6588710000001,1.8487959076802416
2010-05-01,2010,5,134.36751150000012,0.006466389062400767
2010-06-01,2010,6,105.92859300000009,0.4178068925534658
2010-07-01,2010,7,60.03098100000011,0.6679874115242461
2010-08-01,2010,8,41.022529500000104,1.7601282759540866
2010-09-01,2010,9,37.88629200000011,0.3459758268919541
2010-10-01,2010,10,114.09959400000011,0.3906624868487315
2010-11-01,2010,11,197.97709950000012,0.5734106614658296
2010-12-01,2010,12,471.34225200000014,2.006725896976942
2011-01-01,2011,1,451.3592070000001,1.6444229745420773
2011-02-01,2011,2,415.2826320000001,1.5485838872943685
2011-03-01,2011,3,186.5872800000001,0.5377267142871147
2011-04-01,2011,4,209.39237700000012,0.8858191831274654
2011-05-01,2011,5,216.2412585000001,1.2873470488003491
2011-06-01,2011,6,150.9265845000001,1.2654616133762748
2011-07-01,2011,7,62.91132300000012,0.7269366039818009
2011-08-01,2011,8,7.507956000000114,-0.04736631131860465
2011-09-01,2011,9,42.27618450000011,0.47883532690304625
2011-10-01,2011,10,112.80471000000011,0.37019110981553793
2011-11-01,2011,11,189.21130800000012,0.4773520788353847
2011-12-01,2011,12,160.14944700000012,-0.3042659058450647
2012-01-01,2012,1,94.75462950000012,-0.6539061065380044
2012-02-01,2012,2,16.963290000000114,-1.995859930458774
2012-03-01,2012,3,20.523507000000116,-2.2975715386395335
2012-04-01,2012,4,42.970438500000114,-2.271039108338322
2012-05-01,2012,5,84.1283970000001,-1.0718234070688055
2012-06-01,2012,6,72.8474520000001,-0.37441426902146396
2012-07-01,2012,7,43.96930650000011,0.29959056486417
2012-08-01,2012,8,0.8252490000001065,-1.3766419444412026
2012-09-01,2012,9,55.398682500000106,0.8286618969604665
2012-10-01,2012,10,125.76991500000011,0.5686025085401651
2012-11-01,2012,11,293.5241160000001,1.476255788643566
2012-12-01,2012,12,289.0146120000001,0.8511222500233397
2013-01-01,2013,1,273.5320455000001,0.7694781721876607
2013-02-01,2013,2,171.73485150000008,0.20450800392767832
2013-03-01,2013,3,281.1786855000001,1.3152918999582435
2013-04-01,2013,4,263.3309325000001,1.4931915522225923
2013-05-01,2013,5,203.26630800000007,1.1085732264424997
2013-06-01,2013,6,43.15136400000006,-1.3365138790210351
2013-07-01,2013,7,6.103305000000057,-1.382128997689156
2013-08-01,2013,8,19.190881500000057,0.8167114139406146
2013-09-01,2013,9,35.41792200000006,0.26672087444713377
2013-10-01,2013,10,104.15359800000006,0.22925683840808186
2013-11-01,2013,11,90.73187250000007,-0.8973168953343309
2013-12-01,2013,12,114.52633800000005,-0.8687327035807761
2014-01-01,2014,1,111.88233450000006,-0.4609994585197348
2014-02-01,2014,2,166.02268800000004,0.16075008257839016
2014-03-01,2014,3,167.71296300000006,0.35313163085696037
2014-04-01,2014,4,165.07263450000005,0.3050552523527351
2014-05-01,2014,5,110.38926450000007,-0.46580368373460995
2014-06-01,2014,6,73.33111800000006,-0.361233939068312
2014-07-01,2014,7,9.917691000000056,-1.0460219166255915
2014-08-01,2014,8,4.893892500000057,-0.36521777719039705
2014-09-01,2014,9,51.382566000000054,0.7279283751516938
2014-10-01,2014,10,96.93136350000006,0.10550029311644575
2014-11-01,2014,11,275.1210045,1.318948042237912
2014-12-01,2014,12,259.3074465000001,0.6211804557179925
2015-01-01,2015,1,252.78501150000005,0.6455220330365635
2015-02-01,2015,2,85.96842750000006,-0.6039475376490834
2015-03-01,2015,3,87.65455500000006,-0.6411075290309516
2015-04-01,2015,4,101.95084800000006,-0.739877714399228
2015-05-01,2015,5,91.78725300000006,-0.8829983479646247
2015-06-01,2015,6,57.50049900000006,-0.8280628638527804
2015-07-01,2015,7,5.197789500000057,-1.485519698150474
2015-08-01,2015,8,5.193358500000056,-0.32337368571269715
2015-09-01,2015,9,23.779747500000052,-0.16819983587334936
2015-10-01,2015,10,127.20347250000006,0.5897006771459219
2015-11-01,2015,11,156.08364450000005,0.08514283879109043
2015-12-01,2015,12,146.90468400000003,-0.45523905917613483
2016-01-01,2016,1,84.23279100000005,-0.7850181166886463
2016-02-01,2016,2,72.13999950000006,-0.7836219721307941
2016-03-01,2016,3,83.09712450000005,-0.7143156222350324
2016-04-01,2016,4,123.59758350000004,-0.34173651545503547
2016-05-01,2016,5,187.08894750000007,0.8750099290565547
2016-06-01,2016,6,166.55978850000005,1.5210166361647677
2016-07-01,2016,7,84.85402800000007,1.1274729210881642
2016-08-01,2016,8,3.3702525000000567,-0.6133707819592368
2016-09-01,2016,9,4.242184500000057,-1.5763440229490466
2016-10-01,2016,10,76.94437650000006,-0.2730618727501962
2016-11-01,2016,11,159.61373400000008,0.12943004302607142
2016-12-01,2016,12,215.33782650000006,0.24667347116320376
2017-01-01,2017,1,151.67073750000006,-0.08155656256057758
2017-02-01,2017,2,126.69018300000005,-0.17234397097394996
2017-03-01,2017,3,104.49496650000005,-0.39163737587252806
2017-04-01,2017,4,154.76044800000005,0.15546308288209265
2017-05-01,2017,5,131.00624700000003,-0.05611285591578914
2017-06-01,2017,6,94.40244150000005,0.1635278053350026
2017-07-01,2017,7,47.42499750000005,0.385564222780491
2017-08-01,2017,8,23.815095000000056,1.0579892701608766
2017-09-01,2017,9,23.262253500000057,-0.19067189159709858
2017-10-01,2017,10,49.03797300000006,-0.9374588816123446
2017-11-01,2017,11,73.09700100000006,-1.2455320304600224
2017-12-01,2017,12,119.90545950000006,-0.7948418753995439
2018-01-01,2018,1,105.70302450000005,-0.5280299299046337
2018-02-01,2018,2,112.71188700000006,-0.3078249491126907
2018-03-01,2018,3,263.8159365,1.1868206671469301
2018-04-01,2018,4,299.5173675000001,1.8570971232768028
2018-05-01,2018,5,300.5391705,2.3086509651026836
2018-06-01,2018,6,106.21532100000006,0.4238931492448435
2018-07-01,2018,7,46.01736150000006,0.35106507425658495
2018-08-01,2018,8,3.7389015000000567,-0.5467149871034405
2018-09-01,2018,9,15.073483500000057,-0.6051326913555729
2018-10-01,2018,10,127.27402200000006,0.5907349493378159
2018-11-01,2018,11,219.42439950000005,0.7972383457305182
2018-12-01,2018,12,216.39868950000005,0.25627849967978916
2019-01-01,2019,1,114.40479600000006,-0.4343818048162729
2019-02-01,2019,2,34.752123000000054,-1.4474094610410395
2019-03-01,2019,3,39.11803350000005,-1.6374164405427691
2019-04-01,2019,4,64.37875800000006,-1.6012228633803722
2019-05-01,2019,5,51.94161600000005,-2.0332125881545355
2019-06-01,2019,6,35.98857300000006,-1.6368025638818167
2019-07-01,2019,7,0.6299895000000568,-2.595628660250034
2019-08-01,2019,8,0.8977260000000569,-1.3369089449046603
2019-09-01,2019,9,33.26181150000006,0.19440592124134157
2019-10-01,2019,10,53.36464500000005,-0.8195143010973688
2019-11-01,2019,11,97.41050550000006,-0.7779234057041143
2019-12-01,2019,12,128.53236750000005,-0.6810286043859993
2020-01-01,2020,1,152.58508200000006,-0.07369181766252843
2020-02-01,2020,2,110.52866400000005,-0.33002182272941366
2020-03-01,2020,3,125.60559000000005,-0.11542079710079255
2020-04-01,2020,4,171.13359900000006,0.3901011607380292
2020-05-01,2020,5,198.34691100000003,1.0388659747959217
2020-06-01,2020,6,121.71823500000005,0.7380566606929619
2020-07-01,2020,7,32.008768500000045,-0.038917260177457905
2020-08-01,2020,8,2.4597795000000424,-0.8054204365392369
2020-09-01,2020,9,28.143562500000044,0.009044308485021248
2020-10-01,2020,10,58.21462200000005,-0.6950639509993078
2020-11-01,2020,11,154.89607800000005,0.0700934982120103
2020-12-01,2020,12,144.03504300000003,-0.4891695798546249
2021-01-01,2021,1,222.57780767687512,0.4525540041170244
2021-02-01,2021,2,159.34959746300459,0.10832900231769428
2021-03-01,2021,3,188.6494159698381,0.5571372593986686
2021-04-01,2021,4,125.20265579222652,-0.31417709477165257
2021-05-01,2021,5,99.10726547240476,-0.7124598311976876
2021-06-01,2021,6,56.8807125091496,-0.8480602158354414
2021-07-01,2021,7,11.630773544309907,-0.9269903322779167
2021-08-01,2021,8,4.447460174559821,-0.43120302998466625
2021-09-01,2021,9,46.76198959350326,0.6055041982500856
2021-10-01,2021,10,70.65868377685085,-0.4058719727343433
2021-11-01,2021,11,85.86359024047206,-0.988286070639335
2021-12-01,2021,12,134.90009307860524,-0.6003840757931246
2022-01-01,2022,1,115.49377441405588,-0.4230172774809259
2022-02-01,2022,2,109.51209068297733,-0.3404616328486047
2022-03-01,2022,3,133.36443901060943,-0.021892946929931167
2022-04-01,2022,4,176.86915397642784,0.4687660942292246
2022-05-01,2022,5,174.81064796446574,0.6888058452225173
2022-06-01,2022,6,55.81641197204297,-0.8827565623801011
2022-07-01,2022,7,7.832765579223211,-1.2141086287614222
2022-08-01,2022,8,2.2065639495846376,-0.8684043324255935
2022-09-01,2022,9,10.763883590696091,-0.8936945996241334
2022-10-01,2022,10,24.688482284542175,-1.7984993871883628
2022-11-01,2022,11,45.18413543700615,-1.948480414050131
2022-12-01,2022,12,169.36826705931372,-0.20414864533465785
2023-01-01,2023,1,172.4710464477422,0.08996249629301027
2023-02-01,2023,2,154.62398529051725,0.07030397845910466
2023-03-01,2023,3,31.709432601925645,-1.863566730914565
2023-04-01,2023,4,15.982389450070926,-3.650177606429426
2023-05-01,2023,5,52.44255065917443,-2.015339500218746
2023-06-01,2023,6,87.63742446898814,0.004514105888705393
2023-07-01,2023,7,86.3220691680849,1.1517842872795612
2023-08-01,2023,8,45.38226127624275,1.9078338549523317
2023-09-01,2023,9,37.544488906858895,0.3352108066790526
2023-10-01,2023,10,163.92517089843048,1.0843823389676346
2023-11-01,2023,11,179.4462203979406,0.36682573933155604
2023-12-01,2023,12,189.96548652648025,0.006886491804310045
2024-01-01,2024,1,158.83541107176987,-0.020770633207075243
2024-02-01,2024,2,232.24997520445876,0.6177396650040872
2024-03-01,2024,3,291.8479442596283,1.3917572019997806
2024-04-01,2024,4,203.3765316009399,0.8120426109905469
2024-05-01,2024,5,116.32204055785208,-0.34294982058381807
2024-06-01,2024,6,18.052339553831466,-2.653462480193802
2024-07-01,2024,7,11.615753173827674,-0.9279748567685798
2024-08-01,2024,8,10.029315948485989,0.19172300704056802
2024-09-01,2024,9,8.26120376586804,-1.103317219183789
2024-10-01,2024,10,136.38067245482603,0.7212135049254105
2024-11-01,2024,11,176.02872848509745,0.32720702386495737
2024-12-01,2024,12,180.4125308990377,-0.08896291916287884
2025-01-01,2025,1,172.3330020904441,0.08887165304978191
2025-02-01,2025,2,170.81952095030707,0.1975625490611076
2025-03-01,2025,3,382.2348117828136,1.9785770859399379
2025-04-01,2025,4,323.1368064880163,2.0798481376219913
2025-05-01,2025,5,303.47371101377377,2.340721393081892
2025-06-01,2025,6,88.59944343566251,0.027616583569964454
2025-07-01,2025,7,27.45079994201437,-0.1909375944381539
2025-08-01,2025,8,8.684635162352995,0.07018776326429452
2025-09-01,2025,9,3.754377365111771,-1.6557815158705262
2025-10-01,2025,10,55.97448348998705,-0.7516029007032045
2025-11-01,2025,11,128.08799743651568,-0.2925233396218418
2025-12-01,2025,12,205.47580718992754,0.15583731596247064
